[{"model": "contenttypes.contenttype", "pk": 1, "fields": {"app_label": "admin", "model": "logentry"}}, {"model": "contenttypes.contenttype", "pk": 2, "fields": {"app_label": "auth", "model": "permission"}}, {"model": "contenttypes.contenttype", "pk": 3, "fields": {"app_label": "auth", "model": "group"}}, {"model": "contenttypes.contenttype", "pk": 4, "fields": {"app_label": "contenttypes", "model": "contenttype"}}, {"model": "contenttypes.contenttype", "pk": 5, "fields": {"app_label": "sessions", "model": "session"}}, {"model": "contenttypes.contenttype", "pk": 6, "fields": {"app_label": "authtoken", "model": "token"}}, {"model": "contenttypes.contenttype", "pk": 7, "fields": {"app_label": "authtoken", "model": "tokenproxy"}}, {"model": "contenttypes.contenttype", "pk": 8, "fields": {"app_label": "recipes", "model": "ingredient"}}, {"model": "contenttypes.contenttype", "pk": 9, "fields": {"app_label": "recipes", "model": "ingredientamount"}}, {"model": "contenttypes.contenttype", "pk": 10, "fields": {"app_label": "recipes", "model": "recipe"}}, {"model": "contenttypes.contenttype", "pk": 11, "fields": {"app_label": "recipes", "model": "tag"}}, {"model": "contenttypes.contenttype", "pk": 12, "fields": {"app_label": "recipes", "model": "shoppingcartitem"}}, {"model": "contenttypes.contenttype", "pk": 13, "fields": {"app_label": "recipes", "model": "favorite"}}, {"model": "contenttypes.contenttype", "pk": 14, "fields": {"app_label": "users", "model": "customuser"}}, {"model": "contenttypes.contenttype", "pk": 15, "fields": {"app_label": "users", "model": "subscription"}}, {"model": "sessions.session", "pk": "nkv8z3qz3io9nsg8fz339q4bdeu5hz59", "fields": {"session_data": "Y2U1NmY3MDdkOTgyMjhiMzBlNDg3YjAwY2E5YmQ2ZjQ2YjU1YTQ5MTp7Il9hdXRoX3VzZXJfaWQiOiIxIiwiX2F1dGhfdXNlcl9iYWNrZW5kIjoiZGphbmdvLmNvbnRyaWIuYXV0aC5iYWNrZW5kcy5Nb2RlbEJhY2tlbmQiLCJfYXV0aF91c2VyX2hhc2giOiI0MDA5ZGIwYTM2NjFiN2U0NTM3YTE3MDA3Mzg2MGJkMTcxYTVjN2JmIn0=", "expire_date": "2022-09-29T20:12:22.204Z"}}, {"model": "recipes.tag", "pk": 1, "fields": {"name": "Breakfast", "color": "#08b08b", "slug": "breakfast"}}, {"model": "recipes.tag", "pk": 2, "fields": {"name": "Lunch", "color": "#fa96ac", "slug": "lunch"}}, {"model": "recipes.tag", "pk": 3, "fields": {"name": "Dinner", "color": "#4d72f7", "slug": "dinner"}}, {"model": "recipes.tag", "pk": 4, "fields": {"name": "Veggie", "color": "#72f74d", "slug": "veggie"}}, {"model": "recipes.tag", "pk": 5, "fields": {"name": "Diet", "color": "#c7edfc", "slug": "diet"}}, {"model": "recipes.ingredient", "pk": 1, "fields": {"name": "Beef", "measurement_unit": "g"}}, {"model": "recipes.ingredient", "pk": 3, "fields": {"name": "Lemons", "measurement_unit": "pcs"}}, {"model": "recipes.ingredient", "pk": 4, "fields": {"name": "Eggs", "measurement_unit": "pcs"}}, {"model": "recipes.ingredient", "pk": 5, "fields": {"name": "Tomatoes", "measurement_unit": "g"}}, {"model": "recipes.ingredient", "pk": 6, "fields": {"name": "Cucumbers", "measurement_unit": "g"}}, {"model": "recipes.ingredient", "pk": 7, "fields": {"name": "Mayonnaise", "measurement_unit": "tablespoon"}}, {"model": "recipes.ingredient", "pk": 8, "fields": {"name": "Ketchup", "measurement_unit": "tablespoon"}}, {"model": "recipes.ingredient", "pk": 9, "fields": {"name": "Apples (Green)", "measurement_unit": "pcs"}}, {"model": "recipes.ingredient", "pk": 10, "fields": {"name": "Apples (Red)", "measurement_unit": "pcs"}}, {"model": "recipes.ingredient", "pk": 11, "fields": {"name": "Yogurt (sugar free)", "measurement_unit": "ml"}}, {"model": "recipes.ingredient", "pk": 12, "fields": {"name": "Potatoes", "measurement_unit": "g"}}, {"model": "recipes.ingredient", "pk": 13, "fields": {"name": "Cheese Cheddar", "measurement_unit": "g"}}, {"model": "recipes.ingredient", "pk": 14, "fields": {"name": "Cheese Suluguni", "measurement_unit": "g"}}, {"model": "recipes.ingredient", "pk": 15, "fields": {"name": "Garlic", "measurement_unit": "cloves"}}, {"model": "recipes.ingredient", "pk": 16, "fields": {"name": "Parsley", "measurement_unit": "bunches"}}, {"model": "recipes.ingredient", "pk": 17, "fields": {"name": "Peaches", "measurement_unit": "pcs"}}, {"model": "recipes.ingredient", "pk": 18, "fields": {"name": "Flour", "measurement_unit": "g"}}, {"model": "recipes.ingredient", "pk": 19, "fields": {"name": "Water", "measurement_unit": "glass"}}, {"model": "recipes.ingredient", "pk": 20, "fields": {"name": "Pork", "measurement_unit": "g"}}, {"model": "recipes.ingredient", "pk": 21, "fields": {"name": "Chicken Legs", "measurement_unit": "pcs"}}, {"model": "recipes.ingredient", "pk": 22, "fields": {"name": "Milk", "measurement_unit": "glass"}}, {"model": "recipes.ingredient", "pk": 23, "fields": {"name": "Salt", "measurement_unit": "spoon"}}, {"model": "recipes.ingredient", "pk": 24, "fields": {"name": "Sugar", "measurement_unit": "spoon"}}, {"model": "recipes.ingredient", "pk": 25, "fields": {"name": "Chicken Breasts", "measurement_unit": "g"}}, {"model": "recipes.ingredient", "pk": 26, "fields": {"name": "Carrot", "measurement_unit": "g"}}, {"model": "recipes.ingredient", "pk": 27, "fields": {"name": "Walnuts", "measurement_unit": "g"}}, {"model": "recipes.ingredient", "pk": 28, "fields": {"name": "Hazelnut", "measurement_unit": "g"}}, {"model": "recipes.ingredient", "pk": 29, "fields": {"name": "Wine (Red)", "measurement_unit": "glass"}}, {"model": "recipes.ingredient", "pk": 30, "fields": {"name": "Wine (White)", "measurement_unit": "glass"}}, {"model": "recipes.ingredient", "pk": 31, "fields": {"name": "Pea", "measurement_unit": "g"}}, {"model": "recipes.ingredient", "pk": 32, "fields": {"name": "Onion", "measurement_unit": "heads"}}, {"model": "recipes.ingredient", "pk": 33, "fields": {"name": "Pepper (Black)", "measurement_unit": "spoon"}}, {"model": "recipes.ingredient", "pk": 34, "fields": {"name": "Banana", "measurement_unit": "pcs"}}, {"model": "recipes.ingredient", "pk": 35, "fields": {"name": "Cherry Tomatoes", "measurement_unit": "pcs"}}, {"model": "recipes.ingredient", "pk": 36, "fields": {"name": "Butter", "measurement_unit": "g"}}, {"model": "recipes.ingredient", "pk": 37, "fields": {"name": "Tuna (Canned)", "measurement_unit": "pcs"}}, {"model": "recipes.ingredient", "pk": 38, "fields": {"name": "Corn (Canned)", "measurement_unit": "g"}}, {"model": "recipes.ingredient", "pk": 39, "fields": {"name": "Salad", "measurement_unit": "list"}}, {"model": "recipes.ingredient", "pk": 40, "fields": {"name": "Orange", "measurement_unit": "pcs"}}, {"model": "recipes.ingredient", "pk": 41, "fields": {"name": "Mint", "measurement_unit": "bunch"}}, {"model": "recipes.ingredient", "pk": 42, "fields": {"name": "Bread (White)", "measurement_unit": "slices"}}, {"model": "recipes.ingredient", "pk": 43, "fields": {"name": "Ham", "measurement_unit": "slices"}}, {"model": "recipes.ingredient", "pk": 44, "fields": {"name": "Pork Chop", "measurement_unit": "pcs"}}, {"model": "recipes.ingredient", "pk": 45, "fields": {"name": "Olive Oil", "measurement_unit": "spoon"}}, {"model": "recipes.ingredient", "pk": 46, "fields": {"name": "Cheese Parmesan", "measurement_unit": "g"}}, {"model": "recipes.ingredient", "pk": 47, "fields": {"name": "Dill", "measurement_unit": "bunches"}}, {"model": "recipes.ingredient", "pk": 48, "fields": {"name": "Salmon Steaks", "measurement_unit": "pcs"}}, {"model": "recipes.ingredient", "pk": 49, "fields": {"name": "Cocoa Powder", "measurement_unit": "tablespoon"}}, {"model": "recipes.ingredientamount", "pk": 1, "fields": {"ingredient": 31, "recipe": 1, "amount": 150}}, {"model": "recipes.ingredientamount", "pk": 2, "fields": {"ingredient": 1, "recipe": 1, "amount": 300}}, {"model": "recipes.ingredientamount", "pk": 3, "fields": {"ingredient": 26, "recipe": 1, "amount": 150}}, {"model": "recipes.ingredientamount", "pk": 4, "fields": {"ingredient": 23, "recipe": 1, "amount": 2}}, {"model": "recipes.ingredientamount", "pk": 5, "fields": {"ingredient": 32, "recipe": 1, "amount": 3}}, {"model": "recipes.ingredientamount", "pk": 6, "fields": {"ingredient": 16, "recipe": 1, "amount": 5}}, {"model": "recipes.ingredientamount", "pk": 7, "fields": {"ingredient": 33, "recipe": 1, "amount": 2}}, {"model": "recipes.ingredientamount", "pk": 8, "fields": {"ingredient": 9, "recipe": 2, "amount": 1}}, {"model": "recipes.ingredientamount", "pk": 9, "fields": {"ingredient": 10, "recipe": 2, "amount": 1}}, {"model": "recipes.ingredientamount", "pk": 10, "fields": {"ingredient": 34, "recipe": 2, "amount": 1}}, {"model": "recipes.ingredientamount", "pk": 11, "fields": {"ingredient": 17, "recipe": 2, "amount": 1}}, {"model": "recipes.ingredientamount", "pk": 12, "fields": {"ingredient": 35, "recipe": 3, "amount": 4}}, {"model": "recipes.ingredientamount", "pk": 13, "fields": {"ingredient": 22, "recipe": 3, "amount": 1}}, {"model": "recipes.ingredientamount", "pk": 14, "fields": {"ingredient": 4, "recipe": 3, "amount": 3}}, {"model": "recipes.ingredientamount", "pk": 15, "fields": {"ingredient": 36, "recipe": 3, "amount": 15}}, {"model": "recipes.ingredientamount", "pk": 16, "fields": {"ingredient": 16, "recipe": 3, "amount": 1}}, {"model": "recipes.ingredientamount", "pk": 17, "fields": {"ingredient": 23, "recipe": 3, "amount": 1}}, {"model": "recipes.ingredientamount", "pk": 18, "fields": {"ingredient": 12, "recipe": 4, "amount": 250}}, {"model": "recipes.ingredientamount", "pk": 19, "fields": {"ingredient": 37, "recipe": 4, "amount": 1}}, {"model": "recipes.ingredientamount", "pk": 20, "fields": {"ingredient": 38, "recipe": 4, "amount": 50}}, {"model": "recipes.ingredientamount", "pk": 21, "fields": {"ingredient": 39, "recipe": 4, "amount": 1}}, {"model": "recipes.ingredientamount", "pk": 22, "fields": {"ingredient": 40, "recipe": 5, "amount": 4}}, {"model": "recipes.ingredientamount", "pk": 23, "fields": {"ingredient": 41, "recipe": 5, "amount": 1}}, {"model": "recipes.ingredientamount", "pk": 24, "fields": {"ingredient": 42, "recipe": 6, "amount": 4}}, {"model": "recipes.ingredientamount", "pk": 25, "fields": {"ingredient": 43, "recipe": 6, "amount": 4}}, {"model": "recipes.ingredientamount", "pk": 26, "fields": {"ingredient": 13, "recipe": 6, "amount": 100}}, {"model": "recipes.ingredientamount", "pk": 27, "fields": {"ingredient": 39, "recipe": 6, "amount": 2}}, {"model": "recipes.ingredientamount", "pk": 28, "fields": {"ingredient": 39, "recipe": 7, "amount": 15}}, {"model": "recipes.ingredientamount", "pk": 29, "fields": {"ingredient": 44, "recipe": 7, "amount": 2}}, {"model": "recipes.ingredientamount", "pk": 30, "fields": {"ingredient": 45, "recipe": 7, "amount": 3}}, {"model": "recipes.ingredientamount", "pk": 31, "fields": {"ingredient": 15, "recipe": 8, "amount": 3}}, {"model": "recipes.ingredientamount", "pk": 32, "fields": {"ingredient": 16, "recipe": 8, "amount": 1}}, {"model": "recipes.ingredientamount", "pk": 33, "fields": {"ingredient": 47, "recipe": 8, "amount": 2}}, {"model": "recipes.ingredientamount", "pk": 34, "fields": {"ingredient": 46, "recipe": 8, "amount": 75}}, {"model": "recipes.ingredientamount", "pk": 35, "fields": {"ingredient": 45, "recipe": 9, "amount": 3}}, {"model": "recipes.ingredientamount", "pk": 36, "fields": {"ingredient": 48, "recipe": 9, "amount": 2}}, {"model": "recipes.ingredientamount", "pk": 37, "fields": {"ingredient": 23, "recipe": 9, "amount": 1}}, {"model": "recipes.ingredientamount", "pk": 38, "fields": {"ingredient": 18, "recipe": 10, "amount": 250}}, {"model": "recipes.ingredientamount", "pk": 39, "fields": {"ingredient": 4, "recipe": 10, "amount": 5}}, {"model": "recipes.ingredientamount", "pk": 40, "fields": {"ingredient": 49, "recipe": 10, "amount": 15}}, {"model": "recipes.ingredientamount", "pk": 41, "fields": {"ingredient": 36, "recipe": 10, "amount": 150}}, {"model": "auth.permission", "pk": 1, "fields": {"name": "Can add log entry", "content_type": 1, "codename": "add_logentry"}}, {"model": "auth.permission", "pk": 2, "fields": {"name": "Can change log entry", "content_type": 1, "codename": "change_logentry"}}, {"model": "auth.permission", "pk": 3, "fields": {"name": "Can delete log entry", "content_type": 1, "codename": "delete_logentry"}}, {"model": "auth.permission", "pk": 4, "fields": {"name": "Can view log entry", "content_type": 1, "codename": "view_logentry"}}, {"model": "auth.permission", "pk": 5, "fields": {"name": "Can add permission", "content_type": 2, "codename": "add_permission"}}, {"model": "auth.permission", "pk": 6, "fields": {"name": "Can change permission", "content_type": 2, "codename": "change_permission"}}, {"model": "auth.permission", "pk": 7, "fields": {"name": "Can delete permission", "content_type": 2, "codename": "delete_permission"}}, {"model": "auth.permission", "pk": 8, "fields": {"name": "Can view permission", "content_type": 2, "codename": "view_permission"}}, {"model": "auth.permission", "pk": 9, "fields": {"name": "Can add group", "content_type": 3, "codename": "add_group"}}, {"model": "auth.permission", "pk": 10, "fields": {"name": "Can change group", "content_type": 3, "codename": "change_group"}}, {"model": "auth.permission", "pk": 11, "fields": {"name": "Can delete group", "content_type": 3, "codename": "delete_group"}}, {"model": "auth.permission", "pk": 12, "fields": {"name": "Can view group", "content_type": 3, "codename": "view_group"}}, {"model": "auth.permission", "pk": 13, "fields": {"name": "Can add content type", "content_type": 4, "codename": "add_contenttype"}}, {"model": "auth.permission", "pk": 14, "fields": {"name": "Can change content type", "content_type": 4, "codename": "change_contenttype"}}, {"model": "auth.permission", "pk": 15, "fields": {"name": "Can delete content type", "content_type": 4, "codename": "delete_contenttype"}}, {"model": "auth.permission", "pk": 16, "fields": {"name": "Can view content type", "content_type": 4, "codename": "view_contenttype"}}, {"model": "auth.permission", "pk": 17, "fields": {"name": "Can add session", "content_type": 5, "codename": "add_session"}}, {"model": "auth.permission", "pk": 18, "fields": {"name": "Can change session", "content_type": 5, "codename": "change_session"}}, {"model": "auth.permission", "pk": 19, "fields": {"name": "Can delete session", "content_type": 5, "codename": "delete_session"}}, {"model": "auth.permission", "pk": 20, "fields": {"name": "Can view session", "content_type": 5, "codename": "view_session"}}, {"model": "auth.permission", "pk": 21, "fields": {"name": "Can add Token", "content_type": 6, "codename": "add_token"}}, {"model": "auth.permission", "pk": 22, "fields": {"name": "Can change Token", "content_type": 6, "codename": "change_token"}}, {"model": "auth.permission", "pk": 23, "fields": {"name": "Can delete Token", "content_type": 6, "codename": "delete_token"}}, {"model": "auth.permission", "pk": 24, "fields": {"name": "Can view Token", "content_type": 6, "codename": "view_token"}}, {"model": "auth.permission", "pk": 25, "fields": {"name": "Can add token", "content_type": 7, "codename": "add_tokenproxy"}}, {"model": "auth.permission", "pk": 26, "fields": {"name": "Can change token", "content_type": 7, "codename": "change_tokenproxy"}}, {"model": "auth.permission", "pk": 27, "fields": {"name": "Can delete token", "content_type": 7, "codename": "delete_tokenproxy"}}, {"model": "auth.permission", "pk": 28, "fields": {"name": "Can view token", "content_type": 7, "codename": "view_tokenproxy"}}, {"model": "auth.permission", "pk": 29, "fields": {"name": "Can add ingredient", "content_type": 8, "codename": "add_ingredient"}}, {"model": "auth.permission", "pk": 30, "fields": {"name": "Can change ingredient", "content_type": 8, "codename": "change_ingredient"}}, {"model": "auth.permission", "pk": 31, "fields": {"name": "Can delete ingredient", "content_type": 8, "codename": "delete_ingredient"}}, {"model": "auth.permission", "pk": 32, "fields": {"name": "Can view ingredient", "content_type": 8, "codename": "view_ingredient"}}, {"model": "auth.permission", "pk": 33, "fields": {"name": "Can add ingredient amount", "content_type": 9, "codename": "add_ingredientamount"}}, {"model": "auth.permission", "pk": 34, "fields": {"name": "Can change ingredient amount", "content_type": 9, "codename": "change_ingredientamount"}}, {"model": "auth.permission", "pk": 35, "fields": {"name": "Can delete ingredient amount", "content_type": 9, "codename": "delete_ingredientamount"}}, {"model": "auth.permission", "pk": 36, "fields": {"name": "Can view ingredient amount", "content_type": 9, "codename": "view_ingredientamount"}}, {"model": "auth.permission", "pk": 37, "fields": {"name": "Can add recipe", "content_type": 10, "codename": "add_recipe"}}, {"model": "auth.permission", "pk": 38, "fields": {"name": "Can change recipe", "content_type": 10, "codename": "change_recipe"}}, {"model": "auth.permission", "pk": 39, "fields": {"name": "Can delete recipe", "content_type": 10, "codename": "delete_recipe"}}, {"model": "auth.permission", "pk": 40, "fields": {"name": "Can view recipe", "content_type": 10, "codename": "view_recipe"}}, {"model": "auth.permission", "pk": 41, "fields": {"name": "Can add tag", "content_type": 11, "codename": "add_tag"}}, {"model": "auth.permission", "pk": 42, "fields": {"name": "Can change tag", "content_type": 11, "codename": "change_tag"}}, {"model": "auth.permission", "pk": 43, "fields": {"name": "Can delete tag", "content_type": 11, "codename": "delete_tag"}}, {"model": "auth.permission", "pk": 44, "fields": {"name": "Can view tag", "content_type": 11, "codename": "view_tag"}}, {"model": "auth.permission", "pk": 45, "fields": {"name": "Can add shopping cart item", "content_type": 12, "codename": "add_shoppingcartitem"}}, {"model": "auth.permission", "pk": 46, "fields": {"name": "Can change shopping cart item", "content_type": 12, "codename": "change_shoppingcartitem"}}, {"model": "auth.permission", "pk": 47, "fields": {"name": "Can delete shopping cart item", "content_type": 12, "codename": "delete_shoppingcartitem"}}, {"model": "auth.permission", "pk": 48, "fields": {"name": "Can view shopping cart item", "content_type": 12, "codename": "view_shoppingcartitem"}}, {"model": "auth.permission", "pk": 49, "fields": {"name": "Can add favorite", "content_type": 13, "codename": "add_favorite"}}, {"model": "auth.permission", "pk": 50, "fields": {"name": "Can change favorite", "content_type": 13, "codename": "change_favorite"}}, {"model": "auth.permission", "pk": 51, "fields": {"name": "Can delete favorite", "content_type": 13, "codename": "delete_favorite"}}, {"model": "auth.permission", "pk": 52, "fields": {"name": "Can view favorite", "content_type": 13, "codename": "view_favorite"}}, {"model": "auth.permission", "pk": 53, "fields": {"name": "Can add user", "content_type": 14, "codename": "add_customuser"}}, {"model": "auth.permission", "pk": 54, "fields": {"name": "Can change user", "content_type": 14, "codename": "change_customuser"}}, {"model": "auth.permission", "pk": 55, "fields": {"name": "Can delete user", "content_type": 14, "codename": "delete_customuser"}}, {"model": "auth.permission", "pk": 56, "fields": {"name": "Can view user", "content_type": 14, "codename": "view_customuser"}}, {"model": "auth.permission", "pk": 57, "fields": {"name": "Can add subscription", "content_type": 15, "codename": "add_subscription"}}, {"model": "auth.permission", "pk": 58, "fields": {"name": "Can change subscription", "content_type": 15, "codename": "change_subscription"}}, {"model": "auth.permission", "pk": 59, "fields": {"name": "Can delete subscription", "content_type": 15, "codename": "delete_subscription"}}, {"model": "auth.permission", "pk": 60, "fields": {"name": "Can view subscription", "content_type": 15, "codename": "view_subscription"}}, {"model": "users.customuser", "pk": 1, "fields": {"password": "pbkdf2_sha256$150000$BVXTORSTzTzA$fCel7M2zyC6CRWWCrmoLH0tO5+mA8Ttoc7vIgpBijMM=", "last_login": "2022-09-16T02:17:24.328Z", "is_superuser": true, "username": "admin", "is_staff": true, "is_active": true, "date_joined": "2022-09-15T20:08:28Z", "email": "sky4place@gmail.com", "first_name": "Sasha", "last_name": "Admin", "role": "admin", "groups": [], "user_permissions": []}}, {"model": "users.customuser", "pk": 2, "fields": {"password": "superpassword700", "last_login": null, "is_superuser": false, "username": "tester_1", "is_staff": false, "is_active": true, "date_joined": "2022-09-15T20:14:15Z", "email": "somemail@mail.com", "first_name": "Andrey", "last_name": "Tester", "role": "user", "groups": [], "user_permissions": []}}, {"model": "users.customuser", "pk": 3, "fields": {"password": "superpassword700", "last_login": null, "is_superuser": false, "username": "tester_2", "is_staff": false, "is_active": true, "date_joined": "2022-09-15T20:14:37Z", "email": "somemail2@mail.com", "first_name": "Alex", "last_name": "Tester", "role": "user", "groups": [], "user_permissions": []}}, {"model": "users.customuser", "pk": 4, "fields": {"password": "superpassword700", "last_login": null, "is_superuser": false, "username": "tester_3", "is_staff": false, "is_active": true, "date_joined": "2022-09-15T20:15:17Z", "email": "somemail3@mail.com", "first_name": "Masha", "last_name": "Tester", "role": "user", "groups": [], "user_permissions": []}}, {"model": "users.customuser", "pk": 5, "fields": {"password": "superpassword700", "last_login": null, "is_superuser": false, "username": "tester_4", "is_staff": false, "is_active": true, "date_joined": "2022-09-15T20:16:35Z", "email": "somemail4@mail.com", "first_name": "Dasha", "last_name": "Tester", "role": "user", "groups": [], "user_permissions": []}}, {"model": "recipes.recipe", "pk": 1, "fields": {"author": 2, "name": "Stew", "text": "A cozy, classic beef stew with tender beef, carrots, mushrooms + potatoes. Everyone will love this, especially who love traditional recipes and don't mind to eat meat", "image": "recipes/image/BeefStew1.jpg", "cooking_time": 85, "tags": [3]}}, {"model": "recipes.recipe", "pk": 2, "fields": {"author": 4, "name": "Fruit Yogurt Salad", "text": "Just slice some fruits, poure nice yogurt and have a nice meal. Note that you can experiment with fruits amount and fruit varieties", "image": "recipes/image/YogAppleSalad2.jpg", "cooking_time": 3, "tags": [1, 2, 4, 5]}}, {"model": "recipes.recipe", "pk": 3, "fields": {"author": 2, "name": "Omelette with Cherry Tomatoes", "text": "Scrumble 3 eggs, add glass of milk and fry it for a few minutes (it's just that simple). To have fancy dish slice 4 cherry romatoes and add some parsley. And don't forget about melting some butter before frying eggs", "image": "recipes/image/Omelette3.jpg", "cooking_time": 5, "tags": [1, 2, 4]}}, {"model": "recipes.recipe", "pk": 4, "fields": {"author": 3, "name": "Boiled Potato with Tuna", "text": "Boil some potatoes and use chopped canned tuna as main dish. Also add some canned corn and list of salad to make it styilish", "image": "recipes/image/PotatoTuna4.jpeg", "cooking_time": 80, "tags": [3, 4, 5]}}, {"model": "recipes.recipe", "pk": 5, "fields": {"author": 4, "name": "Orange Fresh", "text": "Squeeze 4 oranges with juicer. The secret of perfect fresh is bunch of mint", "image": "recipes/image/Orange5.jpg", "cooking_time": 1, "tags": [1, 4, 5]}}, {"model": "recipes.recipe", "pk": 6, "fields": {"author": 2, "name": "Cheese and Ham Sandwich", "text": "Perfect for people who always on the go, white bread preferable", "image": "recipes/image/Sandwich6.jpg", "cooking_time": 6, "tags": [1, 2]}}, {"model": "recipes.recipe", "pk": 7, "fields": {"author": 2, "name": "Grilled Pork Chops", "text": "Just grill it good!", "image": "recipes/image/GrilledPorkChops.jpg", "cooking_time": 75, "tags": [3]}}, {"model": "recipes.recipe", "pk": 8, "fields": {"author": 2, "name": "Simple Garlic & Parmesan Pasta", "text": "Have pasta of any kind you like, boil it al dente, add finely chopped garlic, fresh fragrant greens and of course grated parmesan", "image": "recipes/image/Pasta8.jpg", "cooking_time": 20, "tags": [3, 4]}}, {"model": "recipes.recipe", "pk": 9, "fields": {"author": 2, "name": "Salmon Grilled Steak", "text": "Takes some time to cook, but the recipe is pretty simple: just grill fine salmons steaks on medium hot. You'll need olive oil to make it juicy, but don't overdo it if you want diet dish", "image": "recipes/image/Salmon_stake9.jpg", "cooking_time": 55, "tags": [3, 5]}}, {"model": "recipes.recipe", "pk": 10, "fields": {"author": 2, "name": "Grandma's Chocolate Cake", "text": "Chocolate cake as your grandma would do it. So, the recipe is big well protected secret:)", "image": "recipes/image/ChocolateCake10.jpg", "cooking_time": 120, "tags": [3, 4]}}, {"model": "authtoken.token", "pk": "625b31731e510402b11e1b5f4f24547c517e1d2b", "fields": {"user": 1, "created": "2022-09-16T02:17:24.245Z"}}, {"model": "admin.logentry", "pk": 1, "fields": {"action_time": "2022-09-15T20:12:50.189Z", "user": 1, "content_type": 14, "object_id": "1", "object_repr": "Sasha admin", "action_flag": 2, "change_message": "[{\"changed\": {\"fields\": [\"role\"]}}]"}}, {"model": "admin.logentry", "pk": 2, "fields": {"action_time": "2022-09-15T20:14:33.073Z", "user": 1, "content_type": 14, "object_id": "2", "object_repr": "Andrey tester_1", "action_flag": 1, "change_message": "[{\"added\": {}}]"}}, {"model": "admin.logentry", "pk": 3, "fields": {"action_time": "2022-09-15T20:15:16.610Z", "user": 1, "content_type": 14, "object_id": "3", "object_repr": "Alex tester_2", "action_flag": 1, "change_message": "[{\"added\": {}}]"}}, {"model": "admin.logentry", "pk": 4, "fields": {"action_time": "2022-09-15T20:16:35.170Z", "user": 1, "content_type": 14, "object_id": "4", "object_repr": "Masha tester_3", "action_flag": 1, "change_message": "[{\"added\": {}}]"}}, {"model": "admin.logentry", "pk": 5, "fields": {"action_time": "2022-09-15T20:17:23.551Z", "user": 1, "content_type": 14, "object_id": "5", "object_repr": "Dasha tester_4", "action_flag": 1, "change_message": "[{\"added\": {}}]"}}, {"model": "admin.logentry", "pk": 6, "fields": {"action_time": "2022-09-15T20:18:38.880Z", "user": 1, "content_type": 11, "object_id": "1", "object_repr": "Breakfast", "action_flag": 1, "change_message": "[{\"added\": {}}]"}}, {"model": "admin.logentry", "pk": 7, "fields": {"action_time": "2022-09-15T20:19:28.773Z", "user": 1, "content_type": 11, "object_id": "2", "object_repr": "Lunch", "action_flag": 1, "change_message": "[{\"added\": {}}]"}}, {"model": "admin.logentry", "pk": 8, "fields": {"action_time": "2022-09-15T20:20:10.765Z", "user": 1, "content_type": 11, "object_id": "3", "object_repr": "Dinner", "action_flag": 1, "change_message": "[{\"added\": {}}]"}}, {"model": "admin.logentry", "pk": 9, "fields": {"action_time": "2022-09-15T20:20:40.904Z", "user": 1, "content_type": 11, "object_id": "4", "object_repr": "Veggie", "action_flag": 1, "change_message": "[{\"added\": {}}]"}}, {"model": "admin.logentry", "pk": 10, "fields": {"action_time": "2022-09-15T20:21:45.727Z", "user": 1, "content_type": 11, "object_id": "5", "object_repr": "Diet", "action_flag": 1, "change_message": "[{\"added\": {}}]"}}, {"model": "admin.logentry", "pk": 11, "fields": {"action_time": "2022-09-15T20:22:34.250Z", "user": 1, "content_type": 8, "object_id": "1", "object_repr": "Beef / g", "action_flag": 1, "change_message": "[{\"added\": {}}]"}}, {"model": "admin.logentry", "pk": 12, "fields": {"action_time": "2022-09-15T20:22:55.410Z", "user": 1, "content_type": 8, "object_id": "2", "object_repr": "Lemon / pcs", "action_flag": 1, "change_message": "[{\"added\": {}}]"}}, {"model": "admin.logentry", "pk": 13, "fields": {"action_time": "2022-09-15T20:23:06.157Z", "user": 1, "content_type": 8, "object_id": "3", "object_repr": "Lemons / pcs", "action_flag": 1, "change_message": "[{\"added\": {}}]"}}, {"model": "admin.logentry", "pk": 14, "fields": {"action_time": "2022-09-15T20:23:25.152Z", "user": 1, "content_type": 8, "object_id": "2", "object_repr": "Lemon / pcs", "action_flag": 3, "change_message": ""}}, {"model": "admin.logentry", "pk": 15, "fields": {"action_time": "2022-09-15T20:23:36.198Z", "user": 1, "content_type": 8, "object_id": "4", "object_repr": "Eggs / pcs", "action_flag": 1, "change_message": "[{\"added\": {}}]"}}, {"model": "admin.logentry", "pk": 16, "fields": {"action_time": "2022-09-15T20:24:09.575Z", "user": 1, "content_type": 8, "object_id": "5", "object_repr": "Tomatoes / pcs", "action_flag": 1, "change_message": "[{\"added\": {}}]"}}, {"model": "admin.logentry", "pk": 17, "fields": {"action_time": "2022-09-15T20:24:35.194Z", "user": 1, "content_type": 8, "object_id": "6", "object_repr": "Cucumbers / g", "action_flag": 1, "change_message": "[{\"added\": {}}]"}}, {"model": "admin.logentry", "pk": 18, "fields": {"action_time": "2022-09-15T20:24:54.075Z", "user": 1, "content_type": 8, "object_id": "5", "object_repr": "Tomatoes / g", "action_flag": 2, "change_message": "[{\"changed\": {\"fields\": [\"measurement_unit\"]}}]"}}, {"model": "admin.logentry", "pk": 19, "fields": {"action_time": "2022-09-15T20:25:40.470Z", "user": 1, "content_type": 8, "object_id": "7", "object_repr": "Mayonnaise / tablespoon", "action_flag": 1, "change_message": "[{\"added\": {}}]"}}, {"model": "admin.logentry", "pk": 20, "fields": {"action_time": "2022-09-15T20:25:59.662Z", "user": 1, "content_type": 8, "object_id": "8", "object_repr": "Ketchup / tablespoon", "action_flag": 1, "change_message": "[{\"added\": {}}]"}}, {"model": "admin.logentry", "pk": 21, "fields": {"action_time": "2022-09-15T20:26:32.235Z", "user": 1, "content_type": 8, "object_id": "9", "object_repr": "Apples (Green) / pcs", "action_flag": 1, "change_message": "[{\"added\": {}}]"}}, {"model": "admin.logentry", "pk": 22, "fields": {"action_time": "2022-09-15T20:26:47.458Z", "user": 1, "content_type": 8, "object_id": "10", "object_repr": "Apples (Red) / pcs", "action_flag": 1, "change_message": "[{\"added\": {}}]"}}, {"model": "admin.logentry", "pk": 23, "fields": {"action_time": "2022-09-15T20:27:34.431Z", "user": 1, "content_type": 8, "object_id": "11", "object_repr": "Yogurt (sugar free) / ml", "action_flag": 1, "change_message": "[{\"added\": {}}]"}}, {"model": "admin.logentry", "pk": 24, "fields": {"action_time": "2022-09-15T20:27:49.385Z", "user": 1, "content_type": 8, "object_id": "12", "object_repr": "Potatoes / g", "action_flag": 1, "change_message": "[{\"added\": {}}]"}}, {"model": "admin.logentry", "pk": 25, "fields": {"action_time": "2022-09-15T20:28:24.074Z", "user": 1, "content_type": 8, "object_id": "13", "object_repr": "Cheese Cheddar / g", "action_flag": 1, "change_message": "[{\"added\": {}}]"}}, {"model": "admin.logentry", "pk": 26, "fields": {"action_time": "2022-09-15T20:28:39.894Z", "user": 1, "content_type": 8, "object_id": "14", "object_repr": "Cheese Suluguni / g", "action_flag": 1, "change_message": "[{\"added\": {}}]"}}, {"model": "admin.logentry", "pk": 27, "fields": {"action_time": "2022-09-15T20:29:29.267Z", "user": 1, "content_type": 8, "object_id": "15", "object_repr": "Garlic / cloves", "action_flag": 1, "change_message": "[{\"added\": {}}]"}}, {"model": "admin.logentry", "pk": 28, "fields": {"action_time": "2022-09-15T20:30:23.011Z", "user": 1, "content_type": 8, "object_id": "16", "object_repr": "Parsley / bunches", "action_flag": 1, "change_message": "[{\"added\": {}}]"}}, {"model": "admin.logentry", "pk": 29, "fields": {"action_time": "2022-09-15T20:30:40.691Z", "user": 1, "content_type": 8, "object_id": "17", "object_repr": "Peaches / g", "action_flag": 1, "change_message": "[{\"added\": {}}]"}}, {"model": "admin.logentry", "pk": 30, "fields": {"action_time": "2022-09-15T20:31:39.583Z", "user": 1, "content_type": 8, "object_id": "18", "object_repr": "Flour / g", "action_flag": 1, "change_message": "[{\"added\": {}}]"}}, {"model": "admin.logentry", "pk": 31, "fields": {"action_time": "2022-09-15T20:32:07.002Z", "user": 1, "content_type": 8, "object_id": "19", "object_repr": "Water / glass", "action_flag": 1, "change_message": "[{\"added\": {}}]"}}, {"model": "admin.logentry", "pk": 32, "fields": {"action_time": "2022-09-15T20:32:16.661Z", "user": 1, "content_type": 8, "object_id": "20", "object_repr": "Pork / g", "action_flag": 1, "change_message": "[{\"added\": {}}]"}}, {"model": "admin.logentry", "pk": 33, "fields": {"action_time": "2022-09-15T20:32:37.587Z", "user": 1, "content_type": 8, "object_id": "21", "object_repr": "Chicken legs / pcs", "action_flag": 1, "change_message": "[{\"added\": {}}]"}}, {"model": "admin.logentry", "pk": 34, "fields": {"action_time": "2022-09-15T20:33:00.033Z", "user": 1, "content_type": 8, "object_id": "22", "object_repr": "Milk / glass", "action_flag": 1, "change_message": "[{\"added\": {}}]"}}, {"model": "admin.logentry", "pk": 35, "fields": {"action_time": "2022-09-15T20:33:56.633Z", "user": 1, "content_type": 8, "object_id": "23", "object_repr": "Salt / spoon", "action_flag": 1, "change_message": "[{\"added\": {}}]"}}, {"model": "admin.logentry", "pk": 36, "fields": {"action_time": "2022-09-15T20:34:05.956Z", "user": 1, "content_type": 8, "object_id": "24", "object_repr": "Sugar / spoon", "action_flag": 1, "change_message": "[{\"added\": {}}]"}}, {"model": "admin.logentry", "pk": 37, "fields": {"action_time": "2022-09-15T20:35:44.837Z", "user": 1, "content_type": 8, "object_id": "25", "object_repr": "Chicken breasts / g", "action_flag": 1, "change_message": "[{\"added\": {}}]"}}, {"model": "admin.logentry", "pk": 38, "fields": {"action_time": "2022-09-15T20:36:03.584Z", "user": 1, "content_type": 8, "object_id": "26", "object_repr": "Carrot / g", "action_flag": 1, "change_message": "[{\"added\": {}}]"}}, {"model": "admin.logentry", "pk": 39, "fields": {"action_time": "2022-09-15T20:36:28.302Z", "user": 1, "content_type": 8, "object_id": "27", "object_repr": "Walnuts / g", "action_flag": 1, "change_message": "[{\"added\": {}}]"}}, {"model": "admin.logentry", "pk": 40, "fields": {"action_time": "2022-09-15T20:36:45.617Z", "user": 1, "content_type": 8, "object_id": "28", "object_repr": "Hazelnut / g", "action_flag": 1, "change_message": "[{\"added\": {}}]"}}, {"model": "admin.logentry", "pk": 41, "fields": {"action_time": "2022-09-15T20:36:57.353Z", "user": 1, "content_type": 8, "object_id": "29", "object_repr": "Wine (Red) / glass", "action_flag": 1, "change_message": "[{\"added\": {}}]"}}, {"model": "admin.logentry", "pk": 42, "fields": {"action_time": "2022-09-15T20:37:11.738Z", "user": 1, "content_type": 8, "object_id": "30", "object_repr": "Wine (White) / glass", "action_flag": 1, "change_message": "[{\"added\": {}}]"}}, {"model": "admin.logentry", "pk": 43, "fields": {"action_time": "2022-09-15T23:39:38.432Z", "user": 1, "content_type": 8, "object_id": "31", "object_repr": "Pea / g", "action_flag": 1, "change_message": "[{\"added\": {}}]"}}, {"model": "admin.logentry", "pk": 44, "fields": {"action_time": "2022-09-15T23:43:20.662Z", "user": 1, "content_type": 10, "object_id": "1", "object_repr": "Stew", "action_flag": 1, "change_message": "[{\"added\": {}}, {\"added\": {\"name\": \"ingredient amount\", \"object\": \"150 g of Pea\"}}]"}}, {"model": "admin.logentry", "pk": 45, "fields": {"action_time": "2022-09-15T23:43:48.947Z", "user": 1, "content_type": 10, "object_id": "1", "object_repr": "Stew", "action_flag": 2, "change_message": "[{\"added\": {\"name\": \"ingredient amount\", \"object\": \"300 g of Beef\"}}]"}}, {"model": "admin.logentry", "pk": 46, "fields": {"action_time": "2022-09-15T23:44:28.158Z", "user": 1, "content_type": 10, "object_id": "1", "object_repr": "Stew", "action_flag": 2, "change_message": "[{\"added\": {\"name\": \"ingredient amount\", \"object\": \"150 g of Carrot\"}}]"}}, {"model": "admin.logentry", "pk": 47, "fields": {"action_time": "2022-09-15T23:44:40.267Z", "user": 1, "content_type": 10, "object_id": "1", "object_repr": "Stew", "action_flag": 2, "change_message": "[{\"added\": {\"name\": \"ingredient amount\", \"object\": \"2 spoon of Salt\"}}]"}}, {"model": "admin.logentry", "pk": 48, "fields": {"action_time": "2022-09-15T23:44:43.695Z", "user": 1, "content_type": 10, "object_id": "1", "object_repr": "Stew", "action_flag": 2, "change_message": "[]"}}, {"model": "admin.logentry", "pk": 49, "fields": {"action_time": "2022-09-15T23:45:34.376Z", "user": 1, "content_type": 8, "object_id": "32", "object_repr": "Onion / heads", "action_flag": 1, "change_message": "[{\"added\": {}}]"}}, {"model": "admin.logentry", "pk": 50, "fields": {"action_time": "2022-09-15T23:46:10.892Z", "user": 1, "content_type": 10, "object_id": "1", "object_repr": "Stew", "action_flag": 2, "change_message": "[{\"added\": {\"name\": \"ingredient amount\", \"object\": \"3 heads of Onion\"}}]"}}, {"model": "admin.logentry", "pk": 51, "fields": {"action_time": "2022-09-15T23:46:26.487Z", "user": 1, "content_type": 10, "object_id": "1", "object_repr": "Stew", "action_flag": 2, "change_message": "[{\"added\": {\"name\": \"ingredient amount\", \"object\": \"5 bunches of Parsley\"}}]"}}, {"model": "admin.logentry", "pk": 52, "fields": {"action_time": "2022-09-15T23:48:25.271Z", "user": 1, "content_type": 8, "object_id": "33", "object_repr": "Pepper (Black) / spoon", "action_flag": 1, "change_message": "[{\"added\": {}}]"}}, {"model": "admin.logentry", "pk": 53, "fields": {"action_time": "2022-09-15T23:48:40.647Z", "user": 1, "content_type": 10, "object_id": "1", "object_repr": "Stew", "action_flag": 2, "change_message": "[{\"added\": {\"name\": \"ingredient amount\", \"object\": \"2 spoon of Pepper (Black)\"}}]"}}, {"model": "admin.logentry", "pk": 54, "fields": {"action_time": "2022-09-15T23:49:56.845Z", "user": 1, "content_type": 10, "object_id": "1", "object_repr": "Stew", "action_flag": 2, "change_message": "[{\"changed\": {\"fields\": [\"tags\"]}}]"}}, {"model": "admin.logentry", "pk": 55, "fields": {"action_time": "2022-09-15T23:52:03.014Z", "user": 1, "content_type": 10, "object_id": "2", "object_repr": "Fruit Yogurt Salad", "action_flag": 1, "change_message": "[{\"added\": {}}, {\"added\": {\"name\": \"ingredient amount\", \"object\": \"1 pcs of Apples (Green)\"}}]"}}, {"model": "admin.logentry", "pk": 56, "fields": {"action_time": "2022-09-15T23:52:43.629Z", "user": 1, "content_type": 10, "object_id": "2", "object_repr": "Fruit Yogurt Salad", "action_flag": 2, "change_message": "[{\"added\": {\"name\": \"ingredient amount\", \"object\": \"1 pcs of Apples (Red)\"}}]"}}, {"model": "admin.logentry", "pk": 57, "fields": {"action_time": "2022-09-15T23:53:17.910Z", "user": 1, "content_type": 8, "object_id": "17", "object_repr": "Peaches / pcs", "action_flag": 2, "change_message": "[{\"changed\": {\"fields\": [\"measurement_unit\"]}}]"}}, {"model": "admin.logentry", "pk": 58, "fields": {"action_time": "2022-09-15T23:53:55.247Z", "user": 1, "content_type": 8, "object_id": "34", "object_repr": "Banana / 1", "action_flag": 1, "change_message": "[{\"added\": {}}]"}}, {"model": "admin.logentry", "pk": 59, "fields": {"action_time": "2022-09-15T23:54:12.323Z", "user": 1, "content_type": 8, "object_id": "34", "object_repr": "Banana / pcs", "action_flag": 2, "change_message": "[{\"changed\": {\"fields\": [\"measurement_unit\"]}}]"}}, {"model": "admin.logentry", "pk": 60, "fields": {"action_time": "2022-09-15T23:54:43.323Z", "user": 1, "content_type": 10, "object_id": "2", "object_repr": "Fruit Yogurt Salad", "action_flag": 2, "change_message": "[{\"added\": {\"name\": \"ingredient amount\", \"object\": \"1 pcs of Banana\"}}]"}}, {"model": "admin.logentry", "pk": 61, "fields": {"action_time": "2022-09-15T23:56:12.314Z", "user": 1, "content_type": 10, "object_id": "2", "object_repr": "Fruit Yogurt Salad", "action_flag": 2, "change_message": "[{\"changed\": {\"fields\": [\"text\"]}}, {\"added\": {\"name\": \"ingredient amount\", \"object\": \"1 pcs of Peaches\"}}]"}}, {"model": "admin.logentry", "pk": 62, "fields": {"action_time": "2022-09-16T00:01:56.564Z", "user": 1, "content_type": 8, "object_id": "35", "object_repr": "Cherry Tomatoes / pcs", "action_flag": 1, "change_message": "[{\"added\": {}}]"}}, {"model": "admin.logentry", "pk": 63, "fields": {"action_time": "2022-09-16T00:04:49.462Z", "user": 1, "content_type": 8, "object_id": "36", "object_repr": "Butter / g", "action_flag": 1, "change_message": "[{\"added\": {}}]"}}, {"model": "admin.logentry", "pk": 64, "fields": {"action_time": "2022-09-16T00:10:38.914Z", "user": 1, "content_type": 10, "object_id": "3", "object_repr": "Omelette with Cherry Tomatoes", "action_flag": 1, "change_message": "[{\"added\": {}}, {\"added\": {\"name\": \"ingredient amount\", \"object\": \"4 pcs of Cherry Tomatoes\"}}, {\"added\": {\"name\": \"ingredient amount\", \"object\": \"1 glass of Milk\"}}, {\"added\": {\"name\": \"ingredient amount\", \"object\": \"3 pcs of Eggs\"}}, {\"added\": {\"name\": \"ingredient amount\", \"object\": \"15 g of Butter\"}}, {\"added\": {\"name\": \"ingredient amount\", \"object\": \"1 bunches of Parsley\"}}, {\"added\": {\"name\": \"ingredient amount\", \"object\": \"1 spoon of Salt\"}}]"}}, {"model": "admin.logentry", "pk": 65, "fields": {"action_time": "2022-09-16T00:16:10.579Z", "user": 1, "content_type": 10, "object_id": "4", "object_repr": "Boiled Potatoes with Tuna", "action_flag": 1, "change_message": "[{\"added\": {}}, {\"added\": {\"name\": \"ingredient amount\", \"object\": \"250 g of Potatoes\"}}]"}}, {"model": "admin.logentry", "pk": 66, "fields": {"action_time": "2022-09-16T00:16:25.883Z", "user": 1, "content_type": 10, "object_id": "4", "object_repr": "Boiled Potatoes with Tuna", "action_flag": 2, "change_message": "[{\"changed\": {\"fields\": [\"tags\"]}}]"}}, {"model": "admin.logentry", "pk": 67, "fields": {"action_time": "2022-09-16T00:16:45.257Z", "user": 1, "content_type": 8, "object_id": "37", "object_repr": "Tuna (Canned) / pcs", "action_flag": 1, "change_message": "[{\"added\": {}}]"}}, {"model": "admin.logentry", "pk": 68, "fields": {"action_time": "2022-09-16T00:17:01.442Z", "user": 1, "content_type": 10, "object_id": "4", "object_repr": "Boiled Potatoes with Tuna", "action_flag": 2, "change_message": "[{\"added\": {\"name\": \"ingredient amount\", \"object\": \"1 pcs of Tuna (Canned)\"}}]"}}, {"model": "admin.logentry", "pk": 69, "fields": {"action_time": "2022-09-16T00:17:32.304Z", "user": 1, "content_type": 8, "object_id": "38", "object_repr": "Corn (Canned) / g", "action_flag": 1, "change_message": "[{\"added\": {}}]"}}, {"model": "admin.logentry", "pk": 70, "fields": {"action_time": "2022-09-16T00:17:40.617Z", "user": 1, "content_type": 10, "object_id": "4", "object_repr": "Boiled Potato with Tuna", "action_flag": 2, "change_message": "[{\"changed\": {\"fields\": [\"name\"]}}, {\"added\": {\"name\": \"ingredient amount\", \"object\": \"50 g of Corn (Canned)\"}}]"}}, {"model": "admin.logentry", "pk": 71, "fields": {"action_time": "2022-09-16T00:18:07.677Z", "user": 1, "content_type": 8, "object_id": "39", "object_repr": "Salad / list", "action_flag": 1, "change_message": "[{\"added\": {}}]"}}, {"model": "admin.logentry", "pk": 72, "fields": {"action_time": "2022-09-16T00:18:16.017Z", "user": 1, "content_type": 10, "object_id": "4", "object_repr": "Boiled Potato with Tuna", "action_flag": 2, "change_message": "[{\"added\": {\"name\": \"ingredient amount\", \"object\": \"1 list of Salad\"}}]"}}, {"model": "admin.logentry", "pk": 73, "fields": {"action_time": "2022-09-16T00:22:03.320Z", "user": 1, "content_type": 8, "object_id": "40", "object_repr": "Orange / pcs", "action_flag": 1, "change_message": "[{\"added\": {}}]"}}, {"model": "admin.logentry", "pk": 74, "fields": {"action_time": "2022-09-16T00:22:50.210Z", "user": 1, "content_type": 8, "object_id": "41", "object_repr": "Mint / bunch", "action_flag": 1, "change_message": "[{\"added\": {}}]"}}, {"model": "admin.logentry", "pk": 75, "fields": {"action_time": "2022-09-16T00:24:58.564Z", "user": 1, "content_type": 10, "object_id": "5", "object_repr": "Orange Fresh", "action_flag": 1, "change_message": "[{\"added\": {}}, {\"added\": {\"name\": \"ingredient amount\", \"object\": \"4 pcs of Orange\"}}, {\"added\": {\"name\": \"ingredient amount\", \"object\": \"1 bunch of Mint\"}}]"}}, {"model": "admin.logentry", "pk": 76, "fields": {"action_time": "2022-09-16T00:32:06.162Z", "user": 1, "content_type": 8, "object_id": "42", "object_repr": "Bread (White) / slices", "action_flag": 1, "change_message": "[{\"added\": {}}]"}}, {"model": "admin.logentry", "pk": 77, "fields": {"action_time": "2022-09-16T00:32:57.888Z", "user": 1, "content_type": 8, "object_id": "43", "object_repr": "Ham / slices", "action_flag": 1, "change_message": "[{\"added\": {}}]"}}, {"model": "admin.logentry", "pk": 78, "fields": {"action_time": "2022-09-16T00:34:46.034Z", "user": 1, "content_type": 10, "object_id": "6", "object_repr": "Cheese and Ham Sandwich", "action_flag": 1, "change_message": "[{\"added\": {}}, {\"added\": {\"name\": \"ingredient amount\", \"object\": \"4 slices of Bread (White)\"}}, {\"added\": {\"name\": \"ingredient amount\", \"object\": \"4 slices of Ham\"}}, {\"added\": {\"name\": \"ingredient amount\", \"object\": \"100 g of Cheese Cheddar\"}}, {\"added\": {\"name\": \"ingredient amount\", \"object\": \"2 list of Salad\"}}]"}}, {"model": "admin.logentry", "pk": 79, "fields": {"action_time": "2022-09-16T00:43:02.997Z", "user": 1, "content_type": 10, "object_id": "7", "object_repr": "Grilled Pork Chops", "action_flag": 1, "change_message": "[{\"added\": {}}, {\"added\": {\"name\": \"ingredient amount\", \"object\": \"2 list of Salad\"}}]"}}, {"model": "admin.logentry", "pk": 80, "fields": {"action_time": "2022-09-16T00:43:16.870Z", "user": 1, "content_type": 8, "object_id": "44", "object_repr": "Pork chop / pcs", "action_flag": 1, "change_message": "[{\"added\": {}}]"}}, {"model": "admin.logentry", "pk": 81, "fields": {"action_time": "2022-09-16T00:43:35.194Z", "user": 1, "content_type": 10, "object_id": "7", "object_repr": "Grilled Pork Chops", "action_flag": 2, "change_message": "[{\"added\": {\"name\": \"ingredient amount\", \"object\": \"2 pcs of Pork chop\"}}, {\"changed\": {\"name\": \"ingredient amount\", \"object\": \"15 list of Salad\", \"fields\": [\"amount\"]}}]"}}, {"model": "admin.logentry", "pk": 82, "fields": {"action_time": "2022-09-16T00:43:49.217Z", "user": 1, "content_type": 8, "object_id": "45", "object_repr": "Olive Oil / spoon", "action_flag": 1, "change_message": "[{\"added\": {}}]"}}, {"model": "admin.logentry", "pk": 83, "fields": {"action_time": "2022-09-16T00:43:59.412Z", "user": 1, "content_type": 10, "object_id": "7", "object_repr": "Grilled Pork Chops", "action_flag": 2, "change_message": "[{\"added\": {\"name\": \"ingredient amount\", \"object\": \"3 spoon of Olive Oil\"}}]"}}, {"model": "admin.logentry", "pk": 84, "fields": {"action_time": "2022-09-16T00:44:23.567Z", "user": 1, "content_type": 10, "object_id": "7", "object_repr": "Grilled Pork Chops", "action_flag": 2, "change_message": "[]"}}, {"model": "admin.logentry", "pk": 85, "fields": {"action_time": "2022-09-16T00:50:04.190Z", "user": 1, "content_type": 10, "object_id": "8", "object_repr": "Simple Garlic & Parmesan Pasta", "action_flag": 1, "change_message": "[{\"added\": {}}, {\"added\": {\"name\": \"ingredient amount\", \"object\": \"3 cloves of Garlic\"}}, {\"added\": {\"name\": \"ingredient amount\", \"object\": \"1 bunches of Parsley\"}}]"}}, {"model": "admin.logentry", "pk": 86, "fields": {"action_time": "2022-09-16T00:50:19.933Z", "user": 1, "content_type": 8, "object_id": "46", "object_repr": "Cheese Parmesan / g", "action_flag": 1, "change_message": "[{\"added\": {}}]"}}, {"model": "admin.logentry", "pk": 87, "fields": {"action_time": "2022-09-16T00:50:51.832Z", "user": 1, "content_type": 8, "object_id": "47", "object_repr": "Dill / bunches", "action_flag": 1, "change_message": "[{\"added\": {}}]"}}, {"model": "admin.logentry", "pk": 88, "fields": {"action_time": "2022-09-16T00:51:13.009Z", "user": 1, "content_type": 10, "object_id": "8", "object_repr": "Simple Garlic & Parmesan Pasta", "action_flag": 2, "change_message": "[{\"added\": {\"name\": \"ingredient amount\", \"object\": \"2 bunches of Dill\"}}, {\"added\": {\"name\": \"ingredient amount\", \"object\": \"75 g of Cheese Parmesan\"}}]"}}, {"model": "admin.logentry", "pk": 89, "fields": {"action_time": "2022-09-16T00:57:17.547Z", "user": 1, "content_type": 8, "object_id": "48", "object_repr": "Salmon Steaks / pcs", "action_flag": 1, "change_message": "[{\"added\": {}}]"}}, {"model": "admin.logentry", "pk": 90, "fields": {"action_time": "2022-09-16T00:57:48.125Z", "user": 1, "content_type": 10, "object_id": "9", "object_repr": "Salmon Grilled Steak", "action_flag": 1, "change_message": "[{\"added\": {}}, {\"added\": {\"name\": \"ingredient amount\", \"object\": \"3 spoon of Olive Oil\"}}, {\"added\": {\"name\": \"ingredient amount\", \"object\": \"2 pcs of Salmon Steaks\"}}, {\"added\": {\"name\": \"ingredient amount\", \"object\": \"1 spoon of Salt\"}}]"}}, {"model": "admin.logentry", "pk": 91, "fields": {"action_time": "2022-09-16T01:00:45.094Z", "user": 1, "content_type": 10, "object_id": "10", "object_repr": "Grandma's Chocolate Cake", "action_flag": 1, "change_message": "[{\"added\": {}}, {\"added\": {\"name\": \"ingredient amount\", \"object\": \"250 g of Flour\"}}]"}}, {"model": "admin.logentry", "pk": 92, "fields": {"action_time": "2022-09-16T01:01:19.927Z", "user": 1, "content_type": 8, "object_id": "49", "object_repr": "Cocoa Powder / tablespoon", "action_flag": 1, "change_message": "[{\"added\": {}}]"}}, {"model": "admin.logentry", "pk": 93, "fields": {"action_time": "2022-09-16T01:02:09.766Z", "user": 1, "content_type": 10, "object_id": "10", "object_repr": "Grandma's Chocolate Cake", "action_flag": 2, "change_message": "[{\"added\": {\"name\": \"ingredient amount\", \"object\": \"5 pcs of Eggs\"}}, {\"added\": {\"name\": \"ingredient amount\", \"object\": \"15 tablespoon of Cocoa Powder\"}}, {\"added\": {\"name\": \"ingredient amount\", \"object\": \"150 g of Butter\"}}]"}}, {"model": "admin.logentry", "pk": 94, "fields": {"action_time": "2022-09-16T01:02:21.915Z", "user": 1, "content_type": 8, "object_id": "50", "object_repr": "\u0421oconut \u0410lakes / g", "action_flag": 1, "change_message": "[{\"added\": {}}]"}}, {"model": "admin.logentry", "pk": 95, "fields": {"action_time": "2022-09-16T01:02:57.990Z", "user": 1, "content_type": 8, "object_id": "51", "object_repr": "\u0410oconut \u0410lakes / g", "action_flag": 1, "change_message": "[{\"added\": {}}]"}}, {"model": "admin.logentry", "pk": 96, "fields": {"action_time": "2022-09-16T01:03:57.303Z", "user": 1, "content_type": 8, "object_id": "51", "object_repr": "\u0410oconut \u0410lakes / g", "action_flag": 3, "change_message": ""}}, {"model": "admin.logentry", "pk": 97, "fields": {"action_time": "2022-09-16T01:03:57.466Z", "user": 1, "content_type": 8, "object_id": "50", "object_repr": "\u0421oconut \u0410lakes / g", "action_flag": 3, "change_message": ""}}, {"model": "admin.logentry", "pk": 98, "fields": {"action_time": "2022-09-16T02:25:17.760Z", "user": 1, "content_type": 8, "object_id": "25", "object_repr": "Chicken Breasts / g", "action_flag": 2, "change_message": "[{\"changed\": {\"fields\": [\"name\"]}}]"}}, {"model": "admin.logentry", "pk": 99, "fields": {"action_time": "2022-09-16T02:25:49.044Z", "user": 1, "content_type": 8, "object_id": "21", "object_repr": "Chicken Legs / pcs", "action_flag": 2, "change_message": "[{\"changed\": {\"fields\": [\"name\"]}}]"}}, {"model": "admin.logentry", "pk": 100, "fields": {"action_time": "2022-09-16T02:26:07.072Z", "user": 1, "content_type": 8, "object_id": "44", "object_repr": "Pork Chop / pcs", "action_flag": 2, "change_message": "[{\"changed\": {\"fields\": [\"name\"]}}]"}}]