[{"model": "contenttypes.contenttype", "pk": 1, "fields": {"app_label": "admin", "model": "logentry"}}, {"model": "contenttypes.contenttype", "pk": 2, "fields": {"app_label": "auth", "model": "permission"}}, {"model": "contenttypes.contenttype", "pk": 3, "fields": {"app_label": "auth", "model": "group"}}, {"model": "contenttypes.contenttype", "pk": 4, "fields": {"app_label": "contenttypes", "model": "contenttype"}}, {"model": "contenttypes.contenttype", "pk": 5, "fields": {"app_label": "sessions", "model": "session"}}, {"model": "contenttypes.contenttype", "pk": 6, "fields": {"app_label": "authtoken", "model": "token"}}, {"model": "contenttypes.contenttype", "pk": 7, "fields": {"app_label": "authtoken", "model": "tokenproxy"}}, {"model": "contenttypes.contenttype", "pk": 8, "fields": {"app_label": "recipes", "model": "ingredient"}}, {"model": "contenttypes.contenttype", "pk": 9, "fields": {"app_label": "recipes", "model": "ingredientamount"}}, {"model": "contenttypes.contenttype", "pk": 10, "fields": {"app_label": "recipes", "model": "recipe"}}, {"model": "contenttypes.contenttype", "pk": 11, "fields": {"app_label": "recipes", "model": "tag"}}, {"model": "contenttypes.contenttype", "pk": 12, "fields": {"app_label": "recipes", "model": "shoppingcartitem"}}, {"model": "contenttypes.contenttype", "pk": 13, "fields": {"app_label": "recipes", "model": "favorite"}}, {"model": "contenttypes.contenttype", "pk": 14, "fields": {"app_label": "users", "model": "customuser"}}, {"model": "contenttypes.contenttype", "pk": 15, "fields": {"app_label": "users", "model": "subscription"}}, {"model": "recipes.tag", "pk": 1, "fields": {"name": "Breakfast", "color": "#08b08b", "slug": "breakfast"}}, {"model": "recipes.tag", "pk": 2, "fields": {"name": "Lunch", "color": "#fa96ac", "slug": "lunch"}}, {"model": "recipes.tag", "pk": 3, "fields": {"name": "Dinner", "color": "#4d72f7", "slug": "dinner"}}, {"model": "recipes.tag", "pk": 4, "fields": {"name": "Veggie", "color": "#72f74d", "slug": "veggie"}}, {"model": "recipes.tag", "pk": 5, "fields": {"name": "Diet", "color": "#c7edfc", "slug": "diet"}}, {"model": "recipes.ingredient", "pk": 1, "fields": {"name": "Beef", "measurement_unit": "g"}}, {"model": "recipes.ingredient", "pk": 3, "fields": {"name": "Lemons", "measurement_unit": "pcs"}}, {"model": "recipes.ingredient", "pk": 4, "fields": {"name": "Eggs", "measurement_unit": "pcs"}}, {"model": "recipes.ingredient", "pk": 5, "fields": {"name": "Tomatoes (Red)", "measurement_unit": "g"}}, {"model": "recipes.ingredient", "pk": 6, "fields": {"name": "Cucumbers", "measurement_unit": "g"}}, {"model": "recipes.ingredient", "pk": 7, "fields": {"name": "Mayonnaise", "measurement_unit": "tablespoon"}}, {"model": "recipes.ingredient", "pk": 8, "fields": {"name": "Ketchup", "measurement_unit": "tablespoon"}}, {"model": "recipes.ingredient", "pk": 9, "fields": {"name": "Apples (Green)", "measurement_unit": "pcs"}}, {"model": "recipes.ingredient", "pk": 10, "fields": {"name": "Apples (Red)", "measurement_unit": "pcs"}}, {"model": "recipes.ingredient", "pk": 11, "fields": {"name": "Yogurt (sugar free)", "measurement_unit": "ml"}}, {"model": "recipes.ingredient", "pk": 12, "fields": {"name": "Potatoes", "measurement_unit": "g"}}, {"model": "recipes.ingredient", "pk": 13, "fields": {"name": "Cheese Cheddar", "measurement_unit": "g"}}, {"model": "recipes.ingredient", "pk": 14, "fields": {"name": "Cheese Suluguni", "measurement_unit": "g"}}, {"model": "recipes.ingredient", "pk": 15, "fields": {"name": "Garlic", "measurement_unit": "clove"}}, {"model": "recipes.ingredient", "pk": 16, "fields": {"name": "Parsley", "measurement_unit": "bunch"}}, {"model": "recipes.ingredient", "pk": 17, "fields": {"name": "Peaches", "measurement_unit": "pcs"}}, {"model": "recipes.ingredient", "pk": 18, "fields": {"name": "Flour", "measurement_unit": "g"}}, {"model": "recipes.ingredient", "pk": 19, "fields": {"name": "Water", "measurement_unit": "glass"}}, {"model": "recipes.ingredient", "pk": 20, "fields": {"name": "Pork", "measurement_unit": "g"}}, {"model": "recipes.ingredient", "pk": 21, "fields": {"name": "Chicken Legs", "measurement_unit": "pcs"}}, {"model": "recipes.ingredient", "pk": 22, "fields": {"name": "Milk", "measurement_unit": "glass"}}, {"model": "recipes.ingredient", "pk": 23, "fields": {"name": "Salt", "measurement_unit": "spoon"}}, {"model": "recipes.ingredient", "pk": 24, "fields": {"name": "Sugar", "measurement_unit": "spoon"}}, {"model": "recipes.ingredient", "pk": 25, "fields": {"name": "Chicken Breasts", "measurement_unit": "g"}}, {"model": "recipes.ingredient", "pk": 26, "fields": {"name": "Carrot", "measurement_unit": "g"}}, {"model": "recipes.ingredient", "pk": 27, "fields": {"name": "Walnuts", "measurement_unit": "g"}}, {"model": "recipes.ingredient", "pk": 28, "fields": {"name": "Hazelnut", "measurement_unit": "g"}}, {"model": "recipes.ingredient", "pk": 29, "fields": {"name": "Wine (Red)", "measurement_unit": "glass"}}, {"model": "recipes.ingredient", "pk": 30, "fields": {"name": "Wine (White)", "measurement_unit": "glass"}}, {"model": "recipes.ingredient", "pk": 31, "fields": {"name": "Pea", "measurement_unit": "g"}}, {"model": "recipes.ingredient", "pk": 32, "fields": {"name": "Onion", "measurement_unit": "head"}}, {"model": "recipes.ingredient", "pk": 33, "fields": {"name": "Pepper (Black)", "measurement_unit": "spoon"}}, {"model": "recipes.ingredient", "pk": 34, "fields": {"name": "Banana", "measurement_unit": "pcs"}}, {"model": "recipes.ingredient", "pk": 35, "fields": {"name": "Tomatoes Cherry", "measurement_unit": "pcs"}}, {"model": "recipes.ingredient", "pk": 36, "fields": {"name": "Butter", "measurement_unit": "g"}}, {"model": "recipes.ingredient", "pk": 37, "fields": {"name": "Tuna (Canned)", "measurement_unit": "g"}}, {"model": "recipes.ingredient", "pk": 38, "fields": {"name": "Corn (Canned)", "measurement_unit": "g"}}, {"model": "recipes.ingredient", "pk": 39, "fields": {"name": "Salad", "measurement_unit": "list"}}, {"model": "recipes.ingredient", "pk": 40, "fields": {"name": "Orange", "measurement_unit": "pcs"}}, {"model": "recipes.ingredient", "pk": 41, "fields": {"name": "Mint", "measurement_unit": "bunch"}}, {"model": "recipes.ingredient", "pk": 42, "fields": {"name": "Bread (White)", "measurement_unit": "slices"}}, {"model": "recipes.ingredient", "pk": 43, "fields": {"name": "Ham (Sliced)", "measurement_unit": "slices"}}, {"model": "recipes.ingredient", "pk": 44, "fields": {"name": "Pork Chop", "measurement_unit": "pcs"}}, {"model": "recipes.ingredient", "pk": 45, "fields": {"name": "Olive Oil", "measurement_unit": "spoon"}}, {"model": "recipes.ingredient", "pk": 46, "fields": {"name": "Cheese Parmesan", "measurement_unit": "g"}}, {"model": "recipes.ingredient", "pk": 47, "fields": {"name": "Dill", "measurement_unit": "bunches"}}, {"model": "recipes.ingredient", "pk": 48, "fields": {"name": "Salmon Steaks", "measurement_unit": "pcs"}}, {"model": "recipes.ingredient", "pk": 49, "fields": {"name": "Cocoa Powder", "measurement_unit": "tablespoon"}}, {"model": "recipes.ingredientamount", "pk": 1, "fields": {"ingredient": 31, "recipe": 1, "amount": 150}}, {"model": "recipes.ingredientamount", "pk": 2, "fields": {"ingredient": 1, "recipe": 1, "amount": 300}}, {"model": "recipes.ingredientamount", "pk": 3, "fields": {"ingredient": 26, "recipe": 1, "amount": 150}}, {"model": "recipes.ingredientamount", "pk": 4, "fields": {"ingredient": 23, "recipe": 1, "amount": 2}}, {"model": "recipes.ingredientamount", "pk": 5, "fields": {"ingredient": 32, "recipe": 1, "amount": 3}}, {"model": "recipes.ingredientamount", "pk": 6, "fields": {"ingredient": 16, "recipe": 1, "amount": 5}}, {"model": "recipes.ingredientamount", "pk": 7, "fields": {"ingredient": 33, "recipe": 1, "amount": 2}}, {"model": "recipes.ingredientamount", "pk": 8, "fields": {"ingredient": 9, "recipe": 2, "amount": 1}}, {"model": "recipes.ingredientamount", "pk": 9, "fields": {"ingredient": 10, "recipe": 2, "amount": 1}}, {"model": "recipes.ingredientamount", "pk": 10, "fields": {"ingredient": 34, "recipe": 2, "amount": 1}}, {"model": "recipes.ingredientamount", "pk": 11, "fields": {"ingredient": 17, "recipe": 2, "amount": 1}}, {"model": "recipes.ingredientamount", "pk": 12, "fields": {"ingredient": 35, "recipe": 3, "amount": 4}}, {"model": "recipes.ingredientamount", "pk": 13, "fields": {"ingredient": 22, "recipe": 3, "amount": 1}}, {"model": "recipes.ingredientamount", "pk": 14, "fields": {"ingredient": 4, "recipe": 3, "amount": 3}}, {"model": "recipes.ingredientamount", "pk": 15, "fields": {"ingredient": 36, "recipe": 3, "amount": 15}}, {"model": "recipes.ingredientamount", "pk": 16, "fields": {"ingredient": 16, "recipe": 3, "amount": 1}}, {"model": "recipes.ingredientamount", "pk": 17, "fields": {"ingredient": 23, "recipe": 3, "amount": 1}}, {"model": "recipes.ingredientamount", "pk": 18, "fields": {"ingredient": 12, "recipe": 4, "amount": 250}}, {"model": "recipes.ingredientamount", "pk": 19, "fields": {"ingredient": 37, "recipe": 4, "amount": 150}}, {"model": "recipes.ingredientamount", "pk": 20, "fields": {"ingredient": 38, "recipe": 4, "amount": 50}}, {"model": "recipes.ingredientamount", "pk": 21, "fields": {"ingredient": 39, "recipe": 4, "amount": 1}}, {"model": "recipes.ingredientamount", "pk": 22, "fields": {"ingredient": 40, "recipe": 5, "amount": 4}}, {"model": "recipes.ingredientamount", "pk": 23, "fields": {"ingredient": 41, "recipe": 5, "amount": 1}}, {"model": "recipes.ingredientamount", "pk": 24, "fields": {"ingredient": 42, "recipe": 6, "amount": 4}}, {"model": "recipes.ingredientamount", "pk": 25, "fields": {"ingredient": 43, "recipe": 6, "amount": 4}}, {"model": "recipes.ingredientamount", "pk": 26, "fields": {"ingredient": 13, "recipe": 6, "amount": 100}}, {"model": "recipes.ingredientamount", "pk": 27, "fields": {"ingredient": 39, "recipe": 6, "amount": 2}}, {"model": "recipes.ingredientamount", "pk": 28, "fields": {"ingredient": 39, "recipe": 7, "amount": 15}}, {"model": "recipes.ingredientamount", "pk": 29, "fields": {"ingredient": 44, "recipe": 7, "amount": 2}}, {"model": "recipes.ingredientamount", "pk": 30, "fields": {"ingredient": 45, "recipe": 7, "amount": 3}}, {"model": "recipes.ingredientamount", "pk": 31, "fields": {"ingredient": 15, "recipe": 8, "amount": 3}}, {"model": "recipes.ingredientamount", "pk": 32, "fields": {"ingredient": 16, "recipe": 8, "amount": 1}}, {"model": "recipes.ingredientamount", "pk": 33, "fields": {"ingredient": 47, "recipe": 8, "amount": 2}}, {"model": "recipes.ingredientamount", "pk": 34, "fields": {"ingredient": 46, "recipe": 8, "amount": 75}}, {"model": "recipes.ingredientamount", "pk": 35, "fields": {"ingredient": 45, "recipe": 9, "amount": 3}}, {"model": "recipes.ingredientamount", "pk": 36, "fields": {"ingredient": 48, "recipe": 9, "amount": 2}}, {"model": "recipes.ingredientamount", "pk": 37, "fields": {"ingredient": 23, "recipe": 9, "amount": 1}}, {"model": "recipes.ingredientamount", "pk": 38, "fields": {"ingredient": 18, "recipe": 10, "amount": 250}}, {"model": "recipes.ingredientamount", "pk": 39, "fields": {"ingredient": 4, "recipe": 10, "amount": 5}}, {"model": "recipes.ingredientamount", "pk": 40, "fields": {"ingredient": 49, "recipe": 10, "amount": 15}}, {"model": "recipes.ingredientamount", "pk": 41, "fields": {"ingredient": 36, "recipe": 10, "amount": 150}}, {"model": "auth.permission", "pk": 1, "fields": {"name": "Can add log entry", "content_type": 1, "codename": "add_logentry"}}, {"model": "auth.permission", "pk": 2, "fields": {"name": "Can change log entry", "content_type": 1, "codename": "change_logentry"}}, {"model": "auth.permission", "pk": 3, "fields": {"name": "Can delete log entry", "content_type": 1, "codename": "delete_logentry"}}, {"model": "auth.permission", "pk": 4, "fields": {"name": "Can view log entry", "content_type": 1, "codename": "view_logentry"}}, {"model": "auth.permission", "pk": 5, "fields": {"name": "Can add permission", "content_type": 2, "codename": "add_permission"}}, {"model": "auth.permission", "pk": 6, "fields": {"name": "Can change permission", "content_type": 2, "codename": "change_permission"}}, {"model": "auth.permission", "pk": 7, "fields": {"name": "Can delete permission", "content_type": 2, "codename": "delete_permission"}}, {"model": "auth.permission", "pk": 8, "fields": {"name": "Can view permission", "content_type": 2, "codename": "view_permission"}}, {"model": "auth.permission", "pk": 9, "fields": {"name": "Can add group", "content_type": 3, "codename": "add_group"}}, {"model": "auth.permission", "pk": 10, "fields": {"name": "Can change group", "content_type": 3, "codename": "change_group"}}, {"model": "auth.permission", "pk": 11, "fields": {"name": "Can delete group", "content_type": 3, "codename": "delete_group"}}, {"model": "auth.permission", "pk": 12, "fields": {"name": "Can view group", "content_type": 3, "codename": "view_group"}}, {"model": "auth.permission", "pk": 13, "fields": {"name": "Can add content type", "content_type": 4, "codename": "add_contenttype"}}, {"model": "auth.permission", "pk": 14, "fields": {"name": "Can change content type", "content_type": 4, "codename": "change_contenttype"}}, {"model": "auth.permission", "pk": 15, "fields": {"name": "Can delete content type", "content_type": 4, "codename": "delete_contenttype"}}, {"model": "auth.permission", "pk": 16, "fields": {"name": "Can view content type", "content_type": 4, "codename": "view_contenttype"}}, {"model": "auth.permission", "pk": 17, "fields": {"name": "Can add session", "content_type": 5, "codename": "add_session"}}, {"model": "auth.permission", "pk": 18, "fields": {"name": "Can change session", "content_type": 5, "codename": "change_session"}}, {"model": "auth.permission", "pk": 19, "fields": {"name": "Can delete session", "content_type": 5, "codename": "delete_session"}}, {"model": "auth.permission", "pk": 20, "fields": {"name": "Can view session", "content_type": 5, "codename": "view_session"}}, {"model": "auth.permission", "pk": 21, "fields": {"name": "Can add Token", "content_type": 6, "codename": "add_token"}}, {"model": "auth.permission", "pk": 22, "fields": {"name": "Can change Token", "content_type": 6, "codename": "change_token"}}, {"model": "auth.permission", "pk": 23, "fields": {"name": "Can delete Token", "content_type": 6, "codename": "delete_token"}}, {"model": "auth.permission", "pk": 24, "fields": {"name": "Can view Token", "content_type": 6, "codename": "view_token"}}, {"model": "auth.permission", "pk": 25, "fields": {"name": "Can add token", "content_type": 7, "codename": "add_tokenproxy"}}, {"model": "auth.permission", "pk": 26, "fields": {"name": "Can change token", "content_type": 7, "codename": "change_tokenproxy"}}, {"model": "auth.permission", "pk": 27, "fields": {"name": "Can delete token", "content_type": 7, "codename": "delete_tokenproxy"}}, {"model": "auth.permission", "pk": 28, "fields": {"name": "Can view token", "content_type": 7, "codename": "view_tokenproxy"}}, {"model": "auth.permission", "pk": 29, "fields": {"name": "Can add ingredient", "content_type": 8, "codename": "add_ingredient"}}, {"model": "auth.permission", "pk": 30, "fields": {"name": "Can change ingredient", "content_type": 8, "codename": "change_ingredient"}}, {"model": "auth.permission", "pk": 31, "fields": {"name": "Can delete ingredient", "content_type": 8, "codename": "delete_ingredient"}}, {"model": "auth.permission", "pk": 32, "fields": {"name": "Can view ingredient", "content_type": 8, "codename": "view_ingredient"}}, {"model": "auth.permission", "pk": 33, "fields": {"name": "Can add ingredient amount", "content_type": 9, "codename": "add_ingredientamount"}}, {"model": "auth.permission", "pk": 34, "fields": {"name": "Can change ingredient amount", "content_type": 9, "codename": "change_ingredientamount"}}, {"model": "auth.permission", "pk": 35, "fields": {"name": "Can delete ingredient amount", "content_type": 9, "codename": "delete_ingredientamount"}}, {"model": "auth.permission", "pk": 36, "fields": {"name": "Can view ingredient amount", "content_type": 9, "codename": "view_ingredientamount"}}, {"model": "auth.permission", "pk": 37, "fields": {"name": "Can add recipe", "content_type": 10, "codename": "add_recipe"}}, {"model": "auth.permission", "pk": 38, "fields": {"name": "Can change recipe", "content_type": 10, "codename": "change_recipe"}}, {"model": "auth.permission", "pk": 39, "fields": {"name": "Can delete recipe", "content_type": 10, "codename": "delete_recipe"}}, {"model": "auth.permission", "pk": 40, "fields": {"name": "Can view recipe", "content_type": 10, "codename": "view_recipe"}}, {"model": "auth.permission", "pk": 41, "fields": {"name": "Can add tag", "content_type": 11, "codename": "add_tag"}}, {"model": "auth.permission", "pk": 42, "fields": {"name": "Can change tag", "content_type": 11, "codename": "change_tag"}}, {"model": "auth.permission", "pk": 43, "fields": {"name": "Can delete tag", "content_type": 11, "codename": "delete_tag"}}, {"model": "auth.permission", "pk": 44, "fields": {"name": "Can view tag", "content_type": 11, "codename": "view_tag"}}, {"model": "auth.permission", "pk": 45, "fields": {"name": "Can add shopping cart item", "content_type": 12, "codename": "add_shoppingcartitem"}}, {"model": "auth.permission", "pk": 46, "fields": {"name": "Can change shopping cart item", "content_type": 12, "codename": "change_shoppingcartitem"}}, {"model": "auth.permission", "pk": 47, "fields": {"name": "Can delete shopping cart item", "content_type": 12, "codename": "delete_shoppingcartitem"}}, {"model": "auth.permission", "pk": 48, "fields": {"name": "Can view shopping cart item", "content_type": 12, "codename": "view_shoppingcartitem"}}, {"model": "auth.permission", "pk": 49, "fields": {"name": "Can add favorite", "content_type": 13, "codename": "add_favorite"}}, {"model": "auth.permission", "pk": 50, "fields": {"name": "Can change favorite", "content_type": 13, "codename": "change_favorite"}}, {"model": "auth.permission", "pk": 51, "fields": {"name": "Can delete favorite", "content_type": 13, "codename": "delete_favorite"}}, {"model": "auth.permission", "pk": 52, "fields": {"name": "Can view favorite", "content_type": 13, "codename": "view_favorite"}}, {"model": "auth.permission", "pk": 53, "fields": {"name": "Can add user", "content_type": 14, "codename": "add_customuser"}}, {"model": "auth.permission", "pk": 54, "fields": {"name": "Can change user", "content_type": 14, "codename": "change_customuser"}}, {"model": "auth.permission", "pk": 55, "fields": {"name": "Can delete user", "content_type": 14, "codename": "delete_customuser"}}, {"model": "auth.permission", "pk": 56, "fields": {"name": "Can view user", "content_type": 14, "codename": "view_customuser"}}, {"model": "auth.permission", "pk": 57, "fields": {"name": "Can add subscription", "content_type": 15, "codename": "add_subscription"}}, {"model": "auth.permission", "pk": 58, "fields": {"name": "Can change subscription", "content_type": 15, "codename": "change_subscription"}}, {"model": "auth.permission", "pk": 59, "fields": {"name": "Can delete subscription", "content_type": 15, "codename": "delete_subscription"}}, {"model": "auth.permission", "pk": 60, "fields": {"name": "Can view subscription", "content_type": 15, "codename": "view_subscription"}}, {"model": "users.customuser", "pk": 2, "fields": {"password": "superpassword700", "last_login": null, "is_superuser": false, "username": "tester_1", "is_staff": false, "is_active": true, "date_joined": "2022-09-15T20:14:15Z", "email": "somemail@mail.com", "first_name": "Andrey", "last_name": "Tester", "role": "user", "groups": [], "user_permissions": []}}, {"model": "users.customuser", "pk": 3, "fields": {"password": "superpassword700", "last_login": null, "is_superuser": false, "username": "tester_2", "is_staff": false, "is_active": true, "date_joined": "2022-09-15T20:14:37Z", "email": "somemail2@mail.com", "first_name": "Alex", "last_name": "Tester", "role": "user", "groups": [], "user_permissions": []}}, {"model": "users.customuser", "pk": 4, "fields": {"password": "superpassword700", "last_login": null, "is_superuser": false, "username": "tester_3", "is_staff": false, "is_active": true, "date_joined": "2022-09-15T20:15:17Z", "email": "somemail3@mail.com", "first_name": "Masha", "last_name": "Tester", "role": "user", "groups": [], "user_permissions": []}}, {"model": "users.customuser", "pk": 5, "fields": {"password": "superpassword700", "last_login": null, "is_superuser": false, "username": "tester_4", "is_staff": false, "is_active": true, "date_joined": "2022-09-15T20:16:35Z", "email": "somemail4@mail.com", "first_name": "Dasha", "last_name": "Tester", "role": "user", "groups": [], "user_permissions": []}}, {"model": "users.customuser", "pk": 6, "fields": {"password": "pbkdf2_sha256$150000$XPaquJTLVbjR$s65/0mGbHdEe8VQKaop+JXFbdfNgSfcF9fCGJ0p0CDw=", "last_login": "2022-09-16T22:18:41.242Z", "is_superuser": true, "username": "superadmin", "is_staff": true, "is_active": true, "date_joined": "2022-09-16T22:14:45Z", "email": "adminmail@mail.com", "first_name": "Admin", "last_name": "Tester", "role": "admin", "groups": [], "user_permissions": []}}, {"model": "recipes.recipe", "pk": 1, "fields": {"author": 2, "name": "Stew", "text": "A cozy, classic beef stew with tender beef, carrots, mushrooms + potatoes. Everyone will love this, especially who love traditional recipes and don't mind to eat meat", "image": "recipes/image/BeefStew1.jpg", "cooking_time": 85, "tags": [3]}}, {"model": "recipes.recipe", "pk": 2, "fields": {"author": 4, "name": "Fruit Yogurt Salad", "text": "Just slice some fruits, poure nice yogurt and have a nice meal. Note that you can experiment with fruits amount and fruit varieties", "image": "recipes/image/YogAppleSalad2.jpg", "cooking_time": 3, "tags": [1, 2, 4, 5]}}, {"model": "recipes.recipe", "pk": 3, "fields": {"author": 2, "name": "Omelette with Cherry Tomatoes", "text": "Scrumble 3 eggs, add glass of milk and fry it for a few minutes (it's just that simple). To have fancy dish slice 4 cherry romatoes and add some parsley. And don't forget about melting some butter before frying eggs", "image": "recipes/image/Omelette3.jpg", "cooking_time": 5, "tags": [1, 2, 4]}}, {"model": "recipes.recipe", "pk": 4, "fields": {"author": 3, "name": "Boiled Potato with Tuna", "text": "Boil some potatoes and use chopped canned tuna as main dish. Also add some canned corn and list of salad to make it styilish", "image": "recipes/image/PotatoTuna4.jpeg", "cooking_time": 80, "tags": [3, 4, 5]}}, {"model": "recipes.recipe", "pk": 5, "fields": {"author": 4, "name": "Orange Fresh", "text": "Squeeze 4 oranges with juicer. The secret of perfect fresh is bunch of mint", "image": "recipes/image/Orange5.jpg", "cooking_time": 1, "tags": [1, 4, 5]}}, {"model": "recipes.recipe", "pk": 6, "fields": {"author": 2, "name": "Cheese & Ham Sandwich", "text": "Perfect for people who always on the go, white bread preferable", "image": "recipes/image/Sandwich6.jpg", "cooking_time": 6, "tags": [1, 2]}}, {"model": "recipes.recipe", "pk": 7, "fields": {"author": 2, "name": "Grilled Pork Chops", "text": "Just grill it good!", "image": "recipes/image/GrilledPorkChops.jpg", "cooking_time": 75, "tags": [3]}}, {"model": "recipes.recipe", "pk": 8, "fields": {"author": 2, "name": "Simple Garlic & Parmesan Pasta", "text": "Have pasta of any kind you like, boil it al dente, add finely chopped garlic, fresh fragrant greens and of course grated parmesan", "image": "recipes/image/Pasta8.jpg", "cooking_time": 20, "tags": [3, 4]}}, {"model": "recipes.recipe", "pk": 9, "fields": {"author": 2, "name": "Salmon Grilled Steak", "text": "Takes some time to cook, but the recipe is pretty simple: just grill fine salmons steaks on medium hot. You'll need olive oil to make it juicy, but don't overdo it if you want diet dish", "image": "recipes/image/Salmon_stake9.jpg", "cooking_time": 55, "tags": [3, 5]}}, {"model": "recipes.recipe", "pk": 10, "fields": {"author": 2, "name": "Grandma's Chocolate Cake", "text": "Chocolate cake as your grandma would do it. So, the recipe is big well protected secret:)", "image": "recipes/image/ChocolateCake10.jpg", "cooking_time": 120, "tags": [3, 4]}}, {"model": "admin.logentry", "pk": 120, "fields": {"action_time": "2022-09-16T22:16:06.000Z", "user": 6, "content_type": 14, "object_id": "1", "object_repr": "Sasha admin", "action_flag": 3, "change_message": ""}}, {"model": "admin.logentry", "pk": 121, "fields": {"action_time": "2022-09-16T22:16:32.572Z", "user": 6, "content_type": 14, "object_id": "3", "object_repr": "Alex tester_2", "action_flag": 2, "change_message": "[]"}}, {"model": "admin.logentry", "pk": 122, "fields": {"action_time": "2022-09-16T22:16:39.698Z", "user": 6, "content_type": 14, "object_id": "6", "object_repr": "Admin superadmin", "action_flag": 2, "change_message": "[{\"changed\": {\"fields\": [\"role\"]}}]"}}, {"model": "admin.logentry", "pk": 123, "fields": {"action_time": "2022-09-16T22:19:23.538Z", "user": 6, "content_type": 10, "object_id": "6", "object_repr": "Cheese & Ham Sandwich", "action_flag": 2, "change_message": "[{\"changed\": {\"fields\": [\"name\"]}}]"}}]